Artist,Album,Name
A$AP Rocky,LiveLoveA$AP,Peso
ACDC,LIVE,Back in Black
ACDC,,Dirty Deeds Done Dirt Cheap
ACDC,,For Those About to Rock
ACDC,,Hells Bells
ACDC,,Highway to Hell
ACDC,,Thunderstruck
ACDC,,TNT
ACDC,,You Shook Me All Night Long
Action Bronson,Mr. Wonderful,Baby Blue Feat. Chance The Rapper
Afroman,,Because I Got High
Afroman,,Crazy Rap
Alex Wiley,,Spaceship II feat Chance The Rapper
Aloe Blacc,,I Need A Dollar
Army Of The Pharaohs,Ritual Of Battle,Seven
Army Of The Pharaohs,Ritual Of Battle,Dump The Clip
The Beatles,Hey Jude,Hey Jude
The Beatles,Let It Be,Get Back
The Beatles,Let It Be,Let It Be
The Beatles,Revolver,Taxman
The Beatles,Revolver,I'm Only Sleeping
The Beatles,Revolver,Love You To
The Beatles,Revolver,"Here, There And Everywhere"
The Beatles,Revolver,Yellow Submarine
The Beatles,Revolver,She Said She Said
Black Sabbath,Black Sabbath,Black Sabbath
Black Sabbath,Black Sabbath,The Wizard
Black Sabbath,Black Sabbath,Behind The Wall Of Sleep
Black Sabbath,Black Sabbath,N.I.B.
Black Sabbath,Black Sabbath,Evil Woman
Black Sabbath,Black Sabbath,Sleeping Village
Black Sabbath,Black Sabbath,The Warning
Black Sabbath,Black Sabbath,Wicked World
Black Sabbath,Master of Reality,Sweet Leaf
Black Sabbath,Master of Reality,Children Of The Grave
Black Sabbath,Never Say Die!,Never Say Die!
Black Sabbath,Paranoid,War Pigs
Black Sabbath,Paranoid,Paranoid
Black Sabbath,Paranoid,Planet Caravan
Black Sabbath,Paranoid,Iron Man
Black Sabbath,Paranoid,Electric Funeral
Black Sabbath,Paranoid,Hand of Doom
Black Sabbath,Paranoid,Rat Salad
Black Sabbath,Paranoid,Fairies Wear Boots
Black Sabbath,Sabbath Bloody Sabbath,Sabbath Bloody Sabbath
Black Sabbath,Sabbath Bloody Sabbath,A National Acrobat
Black Sabbath,Sabbath Bloody Sabbath,Fluff
Black Sabbath,Sabbath Bloody Sabbath,Sabbra Cadabra
Black Sabbath,Sabbath Bloody Sabbath,Killing Yourself to Live
Black Sabbath,Sabbath Bloody Sabbath,Who Are You
Black Sabbath,Sabbath Bloody Sabbath,Looking for Today
Black Sabbath,Sabbath Bloody Sabbath,Spiral Architect
Black Sabbath,Sabotage,Hole In The Sky
Black Sabbath,Technical Ecstasy,Rock 'N' Roll Doctor
Black Sabbath,Technical Ecstasy,Dirty Women
Black Sabbath,Vol. 4,Changes
Black Sabbath,Vol. 4,Supernaut
Black Sabbath,Vol. 4,Snowblind
Black Sabbath,13,End Of The Beginning
Black Sabbath,13,God Is Dead?
Black Sabbath,13,Loner
Black Sabbath,13,Zeitgeist
Black Sabbath,13,Age Of Reason
Black Sabbath,13,Live Forever
Black Sabbath,13,Damaged Soul
Black Sabbath,13,Dear Father
Black Sabbath,13,Methademic
Black Sabbath,13,Peace Of Mind
Black Sabbath,13,Pariah
Chance The Rapper,Acid Rap,"Good Ass Intro (ft. BJ The Chicago Kid, Lili K., Kiara Lanier, Peter Cottontale, Will for the O'mys"
Chance The Rapper,Acid Rap,Pusha Man (ft. Nate Fox & Lili K.) (Prod. by Ceej for Two9)
Chance The Rapper,Acid Rap,Cocoa Butter Kisses (ft. Vic Mensa & Twista) (Prod. by Cam for J.U.S.T.I.C.E League & Peter Cottont
Chance The Rapper,Acid Rap,Juice (Prod. by Nate Fox)
Chance The Rapper,Acid Rap,Lost (ft. Noname Gypsy) (Prod. by Nate Fox)
Chance The Rapper,Acid Rap,Everybody's Something (ft. Saba & BJ The Chicago Kid) (Prod. by DJ Ozone)
Chance The Rapper,Acid Rap,Interlude (That's Love) (Prod. by Ludwig Gorransen)
Chance The Rapper,Acid Rap,Favorite Song (ft. Childish Gambino) (Prod. by Nate Fox)
Chance The Rapper,Acid Rap,NaNa (ft. Action Bronson) (Prod. by Brandun Deshay)
Chance The Rapper,Acid Rap,Smoke Again (ft. Ab-Soul) (Prod. by Blended Babies)
Chance The Rapper,Acid Rap,Acid Rain (Prod. by Jake One)
Chance The Rapper,Acid Rap,Chain Smoker (Prod. by Nate Fox)
Chance The Rapper,Acid Rap,Everything's Good (Good Ass Outro) (Prod. by Cam for J.U.S.T.I.C.E League)
Chance The Rapper,,Family (Blended Babies Remix)
Chance The Rapper,,I Am Very Very Lonely (feat. The Social Experiment)
Chance The Rapper,,Israel (feat. Noname Gypsy)
Chance The Rapper,,Paranoia
Chance The Rapper,,Smoke Again (Blended Babies Remix)
Chance The Rapper,,Somewhere in Paradise (ft. Jeremih & R. Kelly)
Derek & The Dominos,The Cream Of Clapton,Layla
Dr. Dre,The Aftermath,Mel_Mann / Shittin' On The World
Dr. Dre,The Chronic,The Chronic (Intro)
Dr. Dre,The Chronic,Fuck Wit Dre Day (And Everybody's Celebratin')
Dr. Dre,The Chronic 2001,Still D.R.E. (feat. Snoop Dogg)
Dr. Dre,The Chronic 2001,Xxplosive (feat. Nate Dogg)
Dr. Dre,The Chronic 2001,Forgot About Dre (feat. Eminem)
Dr. Dre,The Chronic 2001,The Next Episode (feat. Snoop Dogg & Nate Dogg)
Eric Clapton,The Cream Of Clapton,Cocaine
Eric Clapton,The Cream Of Clapton,Knockin' On Heaven's Door
Eric Clapton,Unplugged,Before You Accuse Me
Eric Clapton,Unplugged,Hey Hey
Eric Clapton,Unplugged,Tears In Heaven
Eric Clapton,Unplugged,Nobody Knows You When You're Down & Out
Grandmaster Flash & The Furious Five,,The Message
Grandmaster Flash & The Furious Five,,Superrappin'
The Jimi Hendrix Experience,Electric Ladyland,Have You Ever Been (To Electric Ladyland)
The Jimi Hendrix Experience,Electric Ladyland,Voodoo Child
The Jimi Hendrix Experience,Electric Ladyland,Come On (Let The Good Times Roll)
The Jimi Hendrix Experience,Electric Ladyland,1983 ... (A Merman I Should Turn To Be)
The Jimi Hendrix Experience,Electric Ladyland,All Along The Watchtower
Joey Bada$$,ALL-AMERIKKKAN BADA$$,GOOD MORNING AMERIKKKA
Joey Bada$$,ALL-AMERIKKKAN BADA$$,FOR MY PEOPLE
Joey Bada$$,ALL-AMERIKKKAN BADA$$,TEMPTATION
Joey Bada$$,ALL-AMERIKKKAN BADA$$,LAND OF THE FREE
Joey Bada$$,ALL-AMERIKKKAN BADA$$,DEVASTATED
Joey Bada$$,ALL-AMERIKKKAN BADA$$,Y U DON'T LOVE ME? (MISS AMERIKKKA)
Joey Bada$$,ALL-AMERIKKKAN BADA$$,ROCKABYE BABY (feat. ScHoolboy Q)
Joey Bada$$,ALL-AMERIKKKAN BADA$$,"RING THE ALARM (feat. Nyck Caution, Kirk Knight & Meechy Darko)"
Joey Bada$$,ALL-AMERIKKKAN BADA$$,SUPER PREDATOR (feat. Styles P)
Joey Bada$$,ALL-AMERIKKKAN BADA$$,BABYLON (feat. Chronixx)
Joey Bada$$,ALL-AMERIKKKAN BADA$$,LEGENDARY (feat. J. Cole)
Joey Bada$$,ALL-AMERIKKKAN BADA$$,AMERIKKKAN IDOL
Joey Bada$$,B4.DA.$$,Save The Children
Joey Bada$$,B4.DA.$$,Greenbax (Introlude)
Joey Bada$$,B4.DA.$$,Paper Trail$
Joey Bada$$,B4.DA.$$,Piece Of Mind
Joey Bada$$,B4.DA.$$,Big Dusty
Joey Bada$$,B4.DA.$$,Hazeus View
Joey Bada$$,B4.DA.$$,Like Me (Feat. BJ The Chicago Kid)
Joey Bada$$,B4.DA.$$,Belly Of The Beast (Feat. Chronixx)
Joey Bada$$,B4.DA.$$,No. 99
Joey Bada$$,B4.DA.$$,Christ Conscious
Joey Bada$$,B4.DA.$$,On & On (Feat. Maverick Sabre & Dymeond Lewis)
Joey Bada$$,B4.DA.$$,Escape 120 (Feat. Raury)
Joey Bada$$,B4.DA.$$,Black Beetles
Joey Bada$$,B4.DA.$$,O.C.B.
Joey Bada$$,B4.DA.$$,Curry Chicken
Joey Bada$$,B4.DA.$$,Run Up On Ya (Feat. Action Bronson & Elle Varner)
Joey Bada$$,B4.DA.$$,Teach Me (feat. Kiesza)
Joey Bada$$,Summer Knights,47 Goonz (Prod. By Lee Bannon)
Joey Bada$$,Summer Knights,95 Til Infinity (Prod. By Lee Bannon)
Joey Bada$$,Summer Knights,LongLiveSteelo (Prod. By Kirk Knight)
Joey Bada$$,Summer Knights,Unorthodox (Prod. By DJ Premier)
Joey Bada$$,Summer Knights,B.A.R'd (Ft. Action Bronson) (Prod. Chuck Strangers)
Joey Bada$$,1999,Survival Tactics (feat. Capital STEEZ)
Joey Bada$$,,Hardknock (ft. CJ Fly)
Kanye West,The Life of Pablo,Ultralight Beam (feat. Chance the Rapper)
Kendrick Lamar,DAMN.,BLOOD.
Kendrick Lamar,DAMN.,DNA.
Kendrick Lamar,DAMN.,YAH.
Kendrick Lamar,DAMN.,ELEMENT.
Kendrick Lamar,DAMN.,FEEL.
Kendrick Lamar,DAMN.,LOYALTY. (FEAT. RIHANNA.)
Kendrick Lamar,DAMN.,PRIDE.
Kendrick Lamar,DAMN.,HUMBLE.
Kendrick Lamar,DAMN.,LUST.
Kendrick Lamar,DAMN.,LOVE. (FEAT. ZACARI.)
Kendrick Lamar,DAMN.,XXX. (FEAT. U2.)
Kendrick Lamar,DAMN.,FEAR.
Kendrick Lamar,DAMN.,GOD.
Kendrick Lamar,DAMN.,DUCKWORTH.
Kendrick Lamar,Section.80,Fuck Your Ethnicity
Kendrick Lamar,Section.80,Hol' Up
Kendrick Lamar,Section.80,A.D.H.D
Kendrick Lamar,Section.80,No Make-Up (feat. Colin Munroe)
Kendrick Lamar,Section.80,Tammy's Song
Kendrick Lamar,Section.80,Chapter Six
Kendrick Lamar,Section.80,Ronald Reagan Era
Kendrick Lamar,Section.80,Poe Mans Dreams (feat. GLC)
Kendrick Lamar,Section.80,The Spiteful Chant (feat. SchoolBoy Q)
Kendrick Lamar,Section.80,Chapter Ten
Kendrick Lamar,Section.80,Keisha's Song (feat. Ashtro Bot)
Kendrick Lamar,Section.80,Rigamortus
Kendrick Lamar,Section.80,Kush & Corinthians (feat. BJ)
Kendrick Lamar,Section.80,Blow My High
Kendrick Lamar,Section.80,Ab-Souls Outro (feat. Ab-Soul)
Kendrick Lamar,Section.80,HiiiPower
Kendrick Lamar,To Pimp a Butterfly,Wesley's Theory (feat. George Clinton & Thundercat)
Kendrick Lamar,To Pimp a Butterfly,King Kunta
Kendrick Lamar,To Pimp a Butterfly,The Blacker the Berry
Kendrick Lamar,,Backseat Freestyle
Kendrick Lamar,,Best Rapper Under 25
Kendrick Lamar,,Bitch Don't Kill My Vibe
Kendrick Lamar,,I'm The Best Rapper Alive
Kendrick Lamar,,The Jig Is Up (Dump'n)
Kendrick Lamar,,M.A.A.D. City (Feat. MC eiht)
Kendrick Lamar,,Money Trees (Feat. Jay Rock)
Kendrick Lamar,,Poetic Justice (feat. Drake)
Kendrick Lamar,,The Recipe (feat. Dr. Dre)
Kendrick Lamar,,Swimming Pools
Kendrick Lamar,,"UOENO (Black Hippy Remix) (feat. ScHoolboy Q, Ab-Soul & Jay Rock)"
Kid Cudi,Man On The Moon II: The Legend Of Mr. Rager,Dont Play This Song (Feat. Mary J. Blige)
Kid Cudi,Man On The Moon II: The Legend Of Mr. Rager,Marijuana
Kid Cudi,Man On The Moon II: The Legend Of Mr. Rager,Erase Me (Feat. Kanye West)
Kid Cudi,Man On The Moon II: The Legend Of Mr. Rager,The Mood
Kid Cudi,Man On The Moon II: The Legend Of Mr. Rager,Mr. Rager
Kid Cudi,Man On The Moon II: The Legend Of Mr. Rager,Ghost!
Kid Cudi,Man On The Moon II: The Legend Of Mr. Rager,Trapped In My Mind
Kid Cudi,Man On The Moon: The End Of Day,In My Dreams (Cudder Anthem)
Kid Cudi,Man On The Moon: The End Of Day,Soundtrack 2 My Life
Kid Cudi,Man On The Moon: The End Of Day,Simple As...
Kid Cudi,Man On The Moon: The End Of Day,Solo Dolo
Kid Cudi,Man On The Moon: The End Of Day,Heart of a Lion (KiD CuDi Theme Music)
Kid Cudi,Man On The Moon: The End Of Day,My World (Ft. Billy Cravens)
Kid Cudi,Man On The Moon: The End Of Day,Day n Nite
Kid Cudi,Man On The Moon: The End Of Day,Sky Might Fall
Kid Cudi,Man On The Moon: The End Of Day,Enter Galactic (Love Connection Part 1)
Kid Cudi,Man On The Moon: The End Of Day,Alive (Ft. Ratatat)
Kid Cudi,Man On The Moon: The End Of Day,CuDi Zone
Kid Cudi,Man On The Moon: The End Of Day,Make Her Say (Ft. Kanye West & Common)
Kid Cudi,Man On The Moon: The End Of Day,Pusuit of Happiness (Ft. MGMT & Ratatat)
Kid Cudi,Man On The Moon: The End Of Day,Hyyerr (Ft. Chip Tha Ripper)
Kid Cudi,Man On The Moon: The End Of Day,Up Up & Away
King Chip,,We Faded (Remix)
Led Zeppelin,Coda,We're Gonna Groove
Led Zeppelin,Coda,Poor Tom
Led Zeppelin,Coda,I Can't Quit You Baby
Led Zeppelin,Coda,Walter's Walk
Led Zeppelin,Coda,Ozone Baby
Led Zeppelin,Coda,Darlene
Led Zeppelin,Coda,Bonzo's Montreux
Led Zeppelin,Coda,Wearing And Tearing
Led Zeppelin,Early and Latter Days,Immigrant Song
Led Zeppelin,Early Days & Latter Days: Vol. 1 & 2,Since Iv'e Been Loving You
Led Zeppelin,Early Days & Latter Days: Vol. 1 & 2,Stairway to Heaven
Led Zeppelin,How The West Was Won CD1,LA Drone
Led Zeppelin,How The West Was Won CD1,Immigrant Song
Led Zeppelin,How The West Was Won CD1,Heartbreaker
Led Zeppelin,How The West Was Won CD1,Black Dog
Led Zeppelin,How The West Was Won CD1,Over The Hills And Far Away
Led Zeppelin,How The West Was Won CD1,Since I've Been Loving You
Led Zeppelin,How The West Was Won CD1,Stairway To Heaven
Led Zeppelin,How The West Was Won CD1,Going To California
Led Zeppelin,How The West Was Won CD1,That's The Way
Led Zeppelin,How The West Was Won CD1,Bron-Yr-Aur Stomp
Led Zeppelin,How The West Was Won CD2,Dazed And Confused
Led Zeppelin,How The West Was Won CD2,What Is And What Should Never Be
Led Zeppelin,How The West Was Won CD2,Dancing Days
Led Zeppelin,How The West Was Won CD2,Moby Dick
Led Zeppelin,How The West Was Won CD3,Whole Lotta Love
Led Zeppelin,How The West Was Won CD3,Rock And Roll
Led Zeppelin,How The West Was Won CD3,The Ocean
Led Zeppelin,How The West Was Won CD3,Bring It On Home
Led Zeppelin,In Through The Out Door,South Bound Saurez
Led Zeppelin,In Through The Out Door,Hot Dog
Led Zeppelin,In Through The Out Door,Carouselambra
Led Zeppelin,In Through The Out Door,I'm Gonna Crawl
Lil Wayne,Carter I,BM J.R.
Lil Wayne,Carter I,Cash Money Millionaires
Lil Wayne,Carter I,Inside
Lil Wayne,Carter I,On My Own
Lil Wayne,Carter I,Only Way
Lil Wayne,Carter I,This Is The Carter
Lil Wayne,Carter I,Walk In
Lil Wayne,Carter I,Who Wanna
Lil Wayne,Carter IV,Blunt Blowin'
Lil Wayne,Carter IV,It's Good (feat. Drake & Jadakiss)
Lil Wayne,Carter IV,John (feat. Rick Ross)
Lil Wayne,Carter IV,Mega Man
Lil Wayne,Carter IV,President Carter
Lil Wayne,Dedication 4,So Dedicated (Feat. Birdman)
Lil Wayne,Dedication 4,Same Damn Tune
Lil Wayne,Dedication 4,Cashed Out
Lil Wayne,Dedication 4,No Worries (Feat. Detail)
Lil Wayne,Dedication 4,Mercy (Feat. Nicki Minaj)
Lil Wayne,Dedication 4,Burn
Lil Wayne,Dedication 4,I Don't Like
Lil Wayne,Dedication 4,No Lie (Freestyle)
Lil Wayne,Dedication 5,UOENO
Lil Wayne,Free Weezy Album,Glory
Lil Wayne,Free Weezy Album,He's Dead
Lil Wayne,Free Weezy Album,I Feel Good
Lil Wayne,I Am Not A Human Being II,Rich As Fuck (Feat. 2 Chainz)
Lil Wayne,I Am Not A Human Being II,Trippy (Feat. Juicy J)
Lil Wayne,I Am Not A Human Being II,God Bless Amerika
Lil Wayne,Tha Carter III,3 Peat
Lil Wayne,Tha Carter III,A Millie
Lynyrd Skynyrd,Pronounced Leh-Nerd Skin-Nerd,Tuesday's Gone
Lynyrd Skynyrd,Pronounced Leh-Nerd Skin-Nerd [Expanded Edition],Simple Man
Lynyrd Skynyrd,Second Helping [Bonus Tracks],Sweet Home Alabama
Lynyrd Skynyrd,20th Century Masters - The Millennium Collection: The Best of Lynyrd Skynyrd,Double Trouble
Lynyrd Skynyrd,20th Century Masters - The Millennium Collection: The Best of Lynyrd Skynyrd,Gimme Three Steps
Lynyrd Skynyrd,20th Century Masters - The Millennium Collection: The Best of Lynyrd Skynyrd,Saturday Night Special
Lynyrd Skynyrd,20th Century Masters - The Millennium Collection: The Best of Lynyrd Skynyrd,Free Bird
Mac DeMarco,Another One,The Way You'd Love Her
Mac DeMarco,Another One,Another One
Mac DeMarco,Another One,No Other Heart
Mac DeMarco,Another One,Just To Put Me Down
Mac DeMarco,Another One,A Heart Like Hers
Mac DeMarco,Another One,I've Been Waiting For Her
Mac DeMarco,Another One,Without Me
Mac DeMarco,Another One,My House By The Water
Milky Chance,,Crazy
Milky Chance,,Intro
The Movement,Set Sail,Say Hello
The Movement,Set Sail,Mexico
The Movement,Set Sail,Set Sail
The Movement,Set Sail,Impressions
The Movement,Set Sail,Green Girl
The Movement,Set Sail,Habit
The Movement,Set Sail,Cool-AId
The Movement,Set Sail,Ocho Rios
The Movement,Set Sail,Alright
The Movement,Set Sail,Sweet Summertime
The Movement,Set Sail,Throwdown
The Movement,Set Sail,Another Man's Shoes (feat. G. Love)
The Movement,Set Sail,Scream
The Movement,Set Sail,Kind
My Morning Jacket,Evil Urges,Evil Urges
My Morning Jacket,Evil Urges,Touch Me I'm Going to Scream Pt. 1
My Morning Jacket,Evil Urges,Highly Suspicious
My Morning Jacket,Evil Urges,I'm Amazed
My Morning Jacket,Evil Urges,Thank You Too!
My Morning Jacket,Evil Urges,Sec Walkin
My Morning Jacket,Evil Urges,Two Halves
My Morning Jacket,Evil Urges,Librarian
My Morning Jacket,Evil Urges,Look at You
My Morning Jacket,Evil Urges,Aluminum Park
My Morning Jacket,Evil Urges,Remnants
My Morning Jacket,Evil Urges,Smokin from Shootin
My Morning Jacket,Evil Urges,Touch Me I'm Going to Scream Pt. 2
My Morning Jacket,Evil Urges,Good Intentions
N.W.A.,,Express Yourself
N.W.A.,,Fuck Da Police
Nas,Illmatic,The Genesis
Nas,Illmatic,N.Y. State Of Mind
Nas,Illmatic,Life's A Bitch
Nas,Illmatic,The World Is Yours
Nas,Illmatic,Halftime
Nas,Illmatic,Memory Lane (Sittin' In Da Park)
Nas,Illmatic,One Love
Nas,Illmatic,One Time 4 Your Mind
Nas,Illmatic,Represent
Nas,Illmatic,It Ain't Hard To Tell
Nas,It Was Written,Affirmative Action
Nas,It Was Written,The Message
Nas,It Was Written,Street Dreams
Nas,It Was Written,I Gave You Power
Nas,It Was Written,Watch Dem Niggas
Nas,It Was Written,Take It In Blood
Nas,It Was Written,Nas Is Coming
Nas,It Was Written,If I Ruled The World (Imagine That) feat. Lauryn Hill
Neil Young,Freedom,Keep on Rockin' In The Free World
Neil Young,Greatest Hits: Neil Young,Heart Of Gold
Neil Young,Shared,Wild Horses
Neil Young,,Don't Let It Bring You Down
Neil Young,,Old Man
Neil Young,,Southern Man
Neil Young,,Sugar Mountain
Neil Young,,Tell Me Why
Old Man Canyon,Delirium,Learn to Forget
Old Man Canyon,Delirium,Tomorrow Man
Old Man Canyon,Delirium,Hollow Tree
Old Man Canyon,Delirium,In My Head
Old Man Canyon,Delirium,Back to the Start
Old Man Canyon,Delirium,Chances
Old Man Canyon,Delirium,I Don't Wanna Go Out
Old Man Canyon,Delirium,Always Love
Old Man Canyon,Delirium,Chasing Smoke
Old Man Canyon,Delirium,Sugar City
Old Man Canyon,Phantoms & Friends,In the Rain
Old Man Canyon,Phantoms & Friends,The Road
Old Man Canyon,Phantoms & Friends,Take Me Higher
Old Man Canyon,Phantoms & Friends,Phantoms and Friends
Old Man Canyon,Phantoms & Friends,Wiser
The Outfield,,Your Love
OutKast,,Hey Ya!
OutKast,,Ms. Jackson
The Parliament,Up For the Down Stroke,Up for the Down Stroke
Pink Floyd,Wish You Were Here,"Shine on You Crazy Diamond, Pt. 1"
Pink Floyd,Wish You Were Here,Welcome to the Machine
Pink Floyd,Wish You Were Here,Have a Cigar
Pink Floyd,Wish You Were Here,Wish You Were Here
Pink Floyd,Wish You Were Here,"Shine on You Crazy Diamond, Pt. 2"
Pond,Psychedelic Mango,That Is How We Came
Pond,Psychedelic Mango,Psychedelic Mango Vision
Pond,Psychedelic Mango,Gringolet S Drunken Baggage
Pond,Psychedelic Mango,Sweeping My Mind Tunnel
Pond,Psychedelic Mango,Don't Look At The Sun Or You'll Go Blind
Pond,Psychedelic Mango,Mick Manmoose
Pond,Psychedelic Mango,Paisley Adams
Pond,Psychedelic Mango,Bees
Pond,Psychedelic Mango,"Don't Look At The Sun Or You'll Go Blind (Live at John Curtin Band Room, Melbourne, 2010)"
Pond,Psychedelic Mango,"Mick Manmoose (Live at Mojos, Fremantle, 2009)"
Red Hot Chili Peppers,Californication,Californication
Red Hot Chili Peppers,I'm With You,Monarchy of Roses
Red Hot Chili Peppers,I'm With You,Factory Of Faith 
Red Hot Chili Peppers,I'm With You,Brendan's Death Song
Red Hot Chili Peppers,I'm With You,Ethiopia 
Red Hot Chili Peppers,I'm With You,Annie Wants a Baby
Red Hot Chili Peppers,I'm With You,Look Around 
Red Hot Chili Peppers,I'm With You,The Adventures of Rain Dance Maggie
Red Hot Chili Peppers,I'm With You,Did I Let You Know 
Red Hot Chili Peppers,I'm With You,Goodbye Hooray
Red Hot Chili Peppers,I'm With You,Happiness Loves Company 
Red Hot Chili Peppers,I'm With You,Police Station
Red Hot Chili Peppers,I'm With You,Even You Brutus
Red Hot Chili Peppers,I'm With You,Meet Me at the Corner
Red Hot Chili Peppers,I'm With You,"Dance, Dance, Dance"
Red Hot Chili Peppers,Stadium Arcadium,Dani California
Red Hot Chili Peppers,Stadium Arcadium,C'mon Girl
Red Hot Chili Peppers,Stadium Arcadium,Hey
Red Hot Chili Peppers,Stadium Arcadium,Snow
Red Hot Chili Peppers,Stadium Arcadium,Under the Bridge
Red Hot Chili Peppers,Stadium Arcadium,Warlocks
Red Hot Chili Peppers,,By The Way
Red Hot Chili Peppers,,Otherside
Red Hot Chili Peppers,,Soul To Squeeze
The Rolling Stones,Bridges To Babylon,Flip The Switch
The Rolling Stones,Bridges To Babylon,Anybody Seen My Baby
The Rolling Stones,Bridges To Babylon,Low Down
The Rolling Stones,Bridges To Babylon,Already Over Me
The Rolling Stones,Bridges To Babylon,Gunface
The Rolling Stones,Bridges To Babylon,You Don't Have To Mean It
The Rolling Stones,Bridges To Babylon,Out Of Control
The Rolling Stones,Bridges To Babylon,Saint Of Me
The Rolling Stones,Bridges To Babylon,Might As Well Get Juiced
The Rolling Stones,Bridges To Babylon,Always Suffering
The Rolling Stones,Bridges To Babylon,Too Tight
The Rolling Stones,Bridges To Babylon,Thief In The Night
The Rolling Stones,Bridges To Babylon,How Can I Stop
The Rolling Stones,Steel Wheels,Rock And A Hard Place
The Rolling Stones,Sticky Fingers,Brown Sugar
The Rolling Stones,Sticky Fingers,Sway
The Rolling Stones,Sticky Fingers,Wild Horses
The Rolling Stones,Sticky Fingers,Can't You Hear Me Knocking
The Rolling Stones,Sticky Fingers,You Gotta Move
The Rolling Stones,Sticky Fingers,Bitch
The Rolling Stones,Sticky Fingers,I Got The Blues
The Rolling Stones,Sticky Fingers,Sister Morphine
The Rolling Stones,Sticky Fingers,Dead Flowers
The Rolling Stones,Sticky Fingers,Moonlight Mile
The Rolling Stones,Tattoo You,Start Me Up
Snoop Dogg,Doggystyle,Gin And Juice
Snoop Dogg,Tha Blue Carpet Treatment,Imagine (Featuring D'Angelo & Dr. Dre)
Snoop Dogg,,That Tree (feat. Kid Cudi)
Snoop Dogg,,P.I.M.P. (feat. G-Unit) (50 Cent Remix)
Spoon,Ga Ga Ga Ga Ga,The Ghost Of You Lingers
Spoon,Ga Ga Ga Ga Ga,You Got Yr. Cherry Bomb
Spoon,Ga Ga Ga Ga Ga,Eddie's Ragga
Spoon,Ga Ga Ga Ga Ga,The Underdog
Spoon,Ga Ga Ga Ga Ga,My Little Japanese Cigarette Case
Spoon,Ga Ga Ga Ga Ga,Finer Feelings
Spoon,Ga Ga Ga Ga Ga,Black Like Me
Spoon,Ga Ga Ga Ga Ga,I Got Mine
Spoon,Ga Ga Ga Ga Ga,Be Still My Servant
Spoon,Ga Ga Ga Ga Ga,Leave Your Effects Where They're Easily Seen
Spoon,Ga Ga Ga Ga Ga,I Summon You (Cool)
Spoon,Ga Ga Ga Ga Ga,Mean Mad Margaret
Spoon,Ga Ga Ga Ga Ga,Love Makes You Feel
Spoon,Ga Ga Ga Ga Ga,Tasty Fish
Spoon,Ga Ga Ga Ga Ga,Dracula's Cigarette
Spoon,Ga Ga Ga Ga Ga,1975
Spoon,Ga Ga Ga Ga Ga,I Can Feel It Fade Like an AM Single
Spoon,Ga Ga Ga Ga Ga,Curfew Tolls
Spoon,Gimme Fiction,"The Beast and Dragon, Adored"
Spoon,Gimme Fiction,Two Sides/Monsieur Valentine
Spoon,Gimme Fiction,I Turn My Camera On
Spoon,Gimme Fiction,My Mathematical Mind
Spoon,Gimme Fiction,The Delicate Place
Spoon,Gimme Fiction,Sister Jack
Spoon,Gimme Fiction,I Summon You
Spoon,Gimme Fiction,The Infinite Pet
Spoon,Gimme Fiction,Was It You?
Spoon,Gimme Fiction,They Never Got You
Spoon,Gimme Fiction,Merchants of Soul
Spoon,Girls Can Tell,Everything Hits At Once
Spoon,Girls Can Tell,Believing Is Art
Spoon,Girls Can Tell,Me And The Bean
Spoon,Girls Can Tell,Lines In The Suit
Spoon,Girls Can Tell,The Fitted Shirt
Spoon,Girls Can Tell,Anything You Want
Spoon,Girls Can Tell,Take A Walk
Spoon,Girls Can Tell,1020 Am
Spoon,Girls Can Tell,Take The Fifth
Spoon,Girls Can Tell,This Book Is A Movie
Spoon,Girls Can Tell,Chicago At Night
Spoon,Transference,Before Destruction
Spoon,Transference,Is Love Forever?
Spoon,Transference,Mystery Zone
Spoon,Transference,Who Makes Your Money
Spoon,Transference,Written In Reverse
Spoon,Transference,I Saw The Light
Spoon,Transference,Trouble
Spoon,Transference,Goodnight Laura
Spoon,Transference,Out Go The Lights
Spoon,Transference,Got Nuffin
Spoon,Transference,Nobody Gets Me But You
Spoon,Transference,Tweakers
Spoon,Transference,Strokes Their Brains
Steve Miller Band,Fly Like an Eagle,Space Intro
Steve Miller Band,Fly Like an Eagle,Fly Like an Eagle
Steve Miller Band,Fly Like an Eagle,Wild Mountain Honey
Steve Miller Band,Fly Like an Eagle,Serenade
Steve Miller Band,Fly Like an Eagle,"Dance, Dance, Dance"
Steve Miller Band,Fly Like an Eagle,Mercury Blues
Steve Miller Band,Fly Like an Eagle,Take the Money and Run
Steve Miller Band,Fly Like an Eagle,Rock 'N Me
Steve Miller Band,Fly Like an Eagle,You Send Me
Steve Miller Band,Fly Like an Eagle,Blue Odyssey
Steve Miller Band,Fly Like an Eagle,Sweet Maree
Steve Miller Band,Fly Like an Eagle,The Window
Steve Miller Band,The Joker,The Joker
Steve Miller Band,Young Hearts: Complete Greatest Hits Remastered,Abracadabra
Steve Miller Band,Young Hearts: Complete Greatest Hits Remastered,Swingtown
Steve Miller Band,Young Hearts: Complete Greatest Hits Remastered,Livin' In The USA
Steve Miller Band,Young Hearts: Complete Greatest Hits Remastered,Jet Airliner
Steve Miller Band,Young Hearts: Complete Greatest Hits Remastered,Space Cowboy
Steve Miller Band,Young Hearts: Complete Greatest Hits Remastered,Jungle Love
Steve Miller Band,Young Hearts: Complete Greatest Hits Remastered,Cry Cry Cry
Stevie Wonder,Innervisions,Higher Ground
Stevie Wonder,Superstition,Superstition
Sticky Fingers,Caress your soul,How to fly
Sticky Fingers,Caress your soul,Clouds + cream
Sticky Fingers,Caress your soul,Australia street
Sticky Fingers,Caress your soul,These girls
Sticky Fingers,Caress your soul,Sex
Sticky Fingers,Caress your soul,Bootleg rascal
Sticky Fingers,Caress your soul,Caress your soul
Sticky Fingers,Caress your soul,Laika
Sticky Fingers,Caress your soul,Freddy crabs
Sticky Fingers,Caress your soul,Kiss the breeze
Sticky Fingers,Caress your soul,Let it all out
Sticky Fingers,,Ghost Town
Stop the Violence Movement (KRS One),,Self Destruction
Tame Impala,Innerspeaker,It Isn't Meant To Be
Tame Impala,Innerspeaker,Lucidity
Tame Impala,Innerspeaker,Why Won't  You Make Up Your Mind?
Tame Impala,Innerspeaker,Solitude is Bliss
Tame Impala,Innerspeaker,Expectation
Tame Impala,Innerspeaker,The Bold Arrow of Time
Tame Impala,Innerspeaker,"Runway, Houses, City, Clouds"
Tame Impala,Lonerism,Apocalypse Dreams
Tame Impala,Lonerism,Mind Mischief
Tame Impala,Lonerism,Music To Walk Home By
Tame Impala,Lonerism,Feels Like We Only Go Backwards
Tame Impala,Lonerism,Keep On Lying
Tame Impala,Lonerism,Nothing That Has Happened So Far Has Been Anything We Could Control
Tame Impala,Lonerism,Sun's Coming Up
Tame Impala,Tame Impala EP,Half Full Glass Of Wine
Wu-Tang Clan,Enter Wu-Tang (36 Chambers),Tearz
Wu-Tang Clan,,C.R.E.A.M.
A$AP Rocky,LONG.LIVE.A$AP (Deluxe Version),Long Live a$AP
A$AP Rocky,LONG.LIVE.A$AP (Deluxe Version),Goldie
A$AP Rocky,LONG.LIVE.A$AP (Deluxe Version),"F**kin' Problems (feat. Drake, 2 Chainz & Kendrick Lamar)"
A$AP Rocky,LONG.LIVE.A$AP (Deluxe Version),"1Train (feat. Kendrick Lamar, Joey Badass, Yelawolf, Danny Brown, Action Bronson & Big K.R.I.T.)"
A$AP Rocky,LONG.LIVE.A$AP (Deluxe Version),Ghetto Symphony (feat. Gunplay & a$AP Ferg)
2Pac,All Eyez On Me,Ambitionz Az A Ridah
2Pac,All Eyez On Me,2 Of Amerikaz Most Wanted (feat. Snoop Dogg)
2Pac,All Eyez On Me,Only God Can Judge Me
2Pac,All Eyez On Me,Tradin War Stories
2Pac,All Eyez On Me,Can't C Me (feat. Geroge Clinton)
2Pac,Better Dayz,Changed Man
2Pac,Better Dayz,My Block
2Pac,Better Dayz,Thugz Mansion
2Pac,The Don Killuminati: The 7 Day Theory,Bomb First
2Pac,The Don Killuminati: The 7 Day Theory,Hail Mary
2Pac,The Don Killuminati: The 7 Day Theory,Toss It Up
2Pac,The Don Killuminati: The 7 Day Theory,To Live & Die In LA
2Pac,The Don Killuminati: The 7 Day Theory,Blasphemy
2Pac,The Don Killuminati: The 7 Day Theory,Life Of An Outlaw
2Pac,The Don Killuminati: The 7 Day Theory,Just Like Daddy
2Pac,The Don Killuminati: The 7 Day Theory,Krazy
2Pac,The Don Killuminati: The 7 Day Theory,White Manz World
2Pac,The Don Killuminati: The 7 Day Theory,Me and My Girlfriend
2Pac,The Don Killuminati: The 7 Day Theory,Hold Ya Head
2Pac,The Don Killuminati: The 7 Day Theory,Against All Odds
2Pac,Still I Rise,Still I Rise (feat. Tha Outlawz)
50 Cent,Get Rich or Die Tryin',Many Men (Wish Death)
50 Cent,Get Rich or Die Tryin',P.I.M.P.
50 Cent,Get Rich or Die Tryin',Patiently Waiting (feat. Eminem)
50 Cent,,Window Shopper
50 Cent,,"We Up (feat. Kendrick Lamar, Kidd Kudd)"
50 Cent,,When It Rains It Pours
